{
  "keys" : {
    "systemComponent_AgentConversation_conclusionMessage" : {
      "annotation" : "The message shown to the user when human agent ends the chat.",
      "extensionType" : null,
      "message" : "Chat session ended. Thanks for chatting with us.",
      "trackingId" : "667668F1-1438-4C31-9ECF-4E647A4A09BE"
    },
    "systemComponent_AgentConversation_errorMessage" : {
      "annotation" : "The message shown to the user when Digital Assistant experiences errors with the agent chat system.",
      "extensionType" : null,
      "message" : "Chat session error. The reason is: {0}.",
      "trackingId" : "E8F43412-761C-4855-80FB-C21D24F621ED"
    },
    "systemComponent_AgentConversation_exitKeywords" : {
      "annotation" : "Comma-delimited list of keywords the user can use to end the chat with the agent.",
      "extensionType" : null,
      "message" : "bye, take care, see you, goodbye",
      "trackingId" : "7A80DCBD-64D2-4D6B-AA14-435EF09A668D"
    },
    "systemComponent_AgentConversation_expiryMessage" : {
      "annotation" : "The message shown to the user when the chat session expires.",
      "extensionType" : null,
      "message" : "Chat session expired. Thanks for chatting with us.",
      "trackingId" : "CAF842E4-37BB-4C09-8310-103E7DD178FC"
    },
    "systemComponent_AgentConversation_userLeftMessage" : {
      "annotation" : null,
      "extensionType" : null,
      "message" : "User left the chat.",
      "trackingId" : "77661285-11DB-4F38-9E1E-EEA242A79AB2"
    },
    "systemComponent_AgentConversation_waitExpiryMessage" : {
      "annotation" : "The message shown to the user when the chat expires while waiting for an agent.",
      "extensionType" : null,
      "message" : "The request for live chat expired while waiting for an agent.",
      "trackingId" : "894BA7AF-54D7-4473-B1DD-6FA014CE2BD1"
    },
    "systemComponent_AgentInitiation_agentActionsMessage" : {
      "annotation" : "Message preceding the list of agent actions.",
      "extensionType" : null,
      "message" : "\\n Here are the available actions that you can send to transfer the conversation back to the bot. Prepend the action with a forward slash (for example, /actionName).\\n",
      "trackingId" : "B2AF58BC-33E8-4131-88EA-5382303F6C33"
    },
    "systemComponent_AgentInitiation_errorMessage" : {
      "annotation" : "The message shown to user when system error occurs during chat initiation with agent.",
      "extensionType" : null,
      "message" : "Error transferring to agent. The reason is: {0}.",
      "trackingId" : "9DA8FA68-99C4-4AC0-AC17-1EE753766E0B"
    },
    "systemComponent_AgentInitiation_rejectedMessage" : {
      "annotation" : "The message shown to the user when human agent rejects the chat request.",
      "extensionType" : null,
      "message" : "Agent rejected.",
      "trackingId" : "88AAF556-0DA5-41C2-949C-62BC47B14829"
    },
    "systemComponent_AgentInitiation_resumedMessage" : {
      "annotation" : "The message shown to the user when the chat with human agent is resumed.",
      "extensionType" : null,
      "message" : "Resuming chat with agent",
      "trackingId" : "B034D55C-E741-488D-BAAB-D58145AEE43E"
    },
    "systemComponent_AgentInitiation_waitingMessage" : {
      "annotation" : "The message that's shown to users when they are waiting for a human agent.",
      "extensionType" : null,
      "message" : "Agent chat session established, Waiting for agent to join.",
      "trackingId" : "1FD5AE8F-F0CA-4DAC-996F-8A4C5ECE013F"
    },
    "systemComponent_AgentTransferCondition_errorMessage" : {
      "annotation" : "The message shown to the user when Digital Assistant experiences trouble checking agent status with the agent chat system.",
      "extensionType" : null,
      "message" : "We were unable to check the status of other agents because there was a system error.",
      "trackingId" : "7CD5A51D-BA46-44E0-95F8-2598DB2C976D"
    },
    "systemComponent_AgentTransfer_acceptedMessage" : {
      "annotation" : "The message that's shown to the users whenever a human agent accepts the chat request.",
      "extensionType" : null,
      "message" : "The chat has been transferred to another agent.",
      "trackingId" : "D221D76F-C444-48F7-871D-ED806F274379"
    },
    "systemComponent_AgentTransfer_errorMessage" : {
      "annotation" : "The message shown to the user when Digital Assistant experiences trouble with the agent chat system.",
      "extensionType" : null,
      "message" : "We were unable to transfer you to another agent because there was a system error.",
      "trackingId" : "8D3D4A6F-F2B3-4F7B-AEAF-C95D2BE023D6"
    },
    "systemComponent_AgentTransfer_rejectedMessage" : {
      "annotation" : "The message that's shown to the users whenever a human agent rejects the chat request, 'maxEngagementsInQueue' is exceeded, the 'allowTransferIf' condition is not met, or the estimated wait time exceeds 'maxWaitSeconds'.",
      "extensionType" : null,
      "message" : "Agent rejected.",
      "trackingId" : "8E951606-50FD-4201-855C-402BB3EE4E84"
    },
    "systemComponent_AgentTransfer_waitingMessage" : {
      "annotation" : "The message that's shown to users when they're transferred to a human agent.",
      "extensionType" : null,
      "message" : "Agent chat session established, Waiting for agent to join.",
      "trackingId" : "2B212A09-9244-4867-A75D-EAA850B7F4DA"
    },
    "systemComponent_IntelligentAdvisor_answerNotValid" : {
      "annotation" : "Message that's displayed for Intelligent Advisor interview inputs of type Masked when the user's answer doesn't conform to the specified input mask.",
      "extensionType" : null,
      "message" : "The answer is not in the correct format. Try again.",
      "trackingId" : "AD1B8E81-DCDB-4660-BD77-6A77278E27DB"
    },
    "systemComponent_IntelligentAdvisor_defaultValue" : {
      "annotation" : "Text that's added to a question when the Intelligent Advisor interview input has a default value.",
      "extensionType" : null,
      "message" : "Suggested value is {0}.",
      "trackingId" : "BF28C59D-BBEF-4089-B95B-9204D2E4E898"
    },
    "systemComponent_IntelligentAdvisor_doneHelp" : {
      "annotation" : "Help message that's displayed for Intelligent Advisor interview inputs of type Upload.",
      "extensionType" : null,
      "message" : "When you are done with the upload, say {0}.",
      "trackingId" : "7B4EC85A-C1C0-4103-A3AC-F34FB7EEEEBE"
    },
    "systemComponent_IntelligentAdvisor_doneLabel" : {
      "annotation" : "The text that users have to type to indicate that they are done uploading a file.",
      "extensionType" : null,
      "message" : "/done",
      "trackingId" : "34F732FB-1A95-429E-ABA4-7CA7A0A7B4A9"
    },
    "systemComponent_IntelligentAdvisor_endLabel" : {
      "annotation" : "The label that is shown in the chat at the end of the interview.",
      "extensionType" : null,
      "message" : "Interview ended",
      "trackingId" : "CED4A237-11C0-4718-9884-D8779D33A797"
    },
    "systemComponent_IntelligentAdvisor_exitLabel" : {
      "annotation" : "The text that users have to type to indicate that they want to exit the interview.",
      "extensionType" : null,
      "message" : "/exit",
      "trackingId" : "770A4BB9-0C2D-4586-B70A-368C752E8668"
    },
    "systemComponent_IntelligentAdvisor_explanationAskLabel" : {
      "annotation" : "The question that is asked when showExplanation is set to 'ask'.",
      "extensionType" : null,
      "message" : "Do you want to see the explanation?",
      "trackingId" : "ED1A12F5-D4C7-42E9-BFAD-BF1F6C3995C9"
    },
    "systemComponent_IntelligentAdvisor_maskLabel" : {
      "annotation" : "Text that's added to a question to display the expected format for Intelligent Advisor interview inputs of type Masked Text Box.",
      "extensionType" : null,
      "message" : "Answer format: {0}",
      "trackingId" : "50612E99-4205-4D96-ACF6-78F2AF88DFF9"
    },
    "systemComponent_IntelligentAdvisor_noLabel" : {
      "annotation" : "The label to use to represent Boolean FALSE values.",
      "extensionType" : null,
      "message" : "No",
      "trackingId" : "8B3EB6DC-7138-40D1-A9DC-7248FFED9416"
    },
    "systemComponent_IntelligentAdvisor_numberMinMax" : {
      "annotation" : "Message that's displayed when the user enters a value outside of the specified range for an Intelligent Advisor interview input of type Slider.",
      "extensionType" : null,
      "message" : "Enter a number between {0} and {1}.",
      "trackingId" : "C50D2FF3-C747-49C5-9519-86B792F3128C"
    },
    "systemComponent_IntelligentAdvisor_outOfOrderMessage" : {
      "annotation" : "Error message that's displayed when the user taps a button in a previous Intelligent Advisor interview message.",
      "extensionType" : null,
      "message" : "You have already answered this question. When you want to step backwards to change a previous answer, say {0}.",
      "trackingId" : "B2F7A4F3-BF80-479D-A13A-F8DBE486B78C"
    },
    "systemComponent_IntelligentAdvisor_resetLabel" : {
      "annotation" : "The text that users have to type to indicate that they want to go back to the first question.",
      "extensionType" : null,
      "message" : "/reset",
      "trackingId" : "55F58E7B-C9BE-420C-811B-BC4882843F1F"
    },
    "systemComponent_IntelligentAdvisor_resumeSessionPrompt" : {
      "annotation" : "Question that is asked if the user starts an interview that they had previously left before the interview completed.",
      "extensionType" : null,
      "message" : "Do you want to restart the interview from where you previously left?",
      "trackingId" : "7F274B19-BCDF-414F-A702-C22279EF107D"
    },
    "systemComponent_IntelligentAdvisor_uncertainLabel" : {
      "annotation" : "The label that appears for optional values and is what the user can type if they don't know the value.",
      "extensionType" : null,
      "message" : "Uncertain",
      "trackingId" : "4D1C675C-E9BE-4AA4-8862-3B9791095DAC"
    },
    "systemComponent_IntelligentAdvisor_undoLabel" : {
      "annotation" : "The text that users have to type to indicate that they want to go back to the previous question.",
      "extensionType" : null,
      "message" : "/back",
      "trackingId" : "1E045B52-2DAA-4CA6-A55F-998732F04A69"
    },
    "systemComponent_IntelligentAdvisor_yesLabel" : {
      "annotation" : "The label to use to represent Boolean TRUE values.",
      "extensionType" : null,
      "message" : "Yes",
      "trackingId" : "8B5BB8CD-D63A-41A1-8E71-5CCC070A414A"
    },
    "systemComponent_IntelligentAdvisor_yesNoMessage" : {
      "annotation" : "Message that's displayed when the user enters an invalid answer for Intelligent Advisor interview inputs of type Boolean Radio Button.",
      "extensionType" : null,
      "message" : "Enter either {0} or {1}",
      "trackingId" : "C82726FB-755F-4840-B121-149604C60215"
    },
    "systemComponent_Intent_optionsPrompt" : {
      "annotation" : "The prompt shown to the user when there are multiple top intents within the confidence win margin.",
      "extensionType" : null,
      "message" : "Do you want to",
      "trackingId" : "3C826F89-5EDB-464A-847A-2C8AB25EA589"
    },
    "systemComponent_Intent_optionsQnaLabel" : {
      "annotation" : "The label of the action in the options (see optionsPrompt) that will take the user to the QnA component to display the matches.",
      "extensionType" : null,
      "message" : "View Answers",
      "trackingId" : "54A86957-080B-4734-B6DC-A40CEE0B9083"
    },
    "systemComponent_KnowledgeSearch_defaultAttachmentLabel" : {
      "annotation" : "The default label to use for the result card's URL action that is linked with an attachment of the search result if that attachment does not have a display name configured already.",
      "extensionType" : null,
      "message" : "Download",
      "trackingId" : "5560A54B-6923-486D-A911-FF97BD5B4F63"
    },
    "systemComponent_KnowledgeSearch_noResultText" : {
      "annotation" : "The text to output when no search result is available.",
      "extensionType" : null,
      "message" : "Sorry, no result was found in the knowledge search.",
      "trackingId" : "7AC99B41-E88B-4471-8777-B5AF63AA25A1"
    },
    "systemComponent_KnowledgeSearch_resultLinkLabel" : {
      "annotation" : "The label to use for the result card's URL action that's linked to the web version of the knowledge article.",
      "extensionType" : null,
      "message" : "View Details",
      "trackingId" : "B51AF4C0-6B62-41F5-8D11-3A29279EE05B"
    },
    "systemComponent_OAuth2AccountLink_cancelLabel" : {
      "annotation" : "The label for the cancel button that lets users leave the state without invoking the authentication dialog.",
      "extensionType" : null,
      "message" : "Cancel",
      "trackingId" : "DB581728-C84A-479A-86C0-A8D79DA38AD9"
    },
    "systemComponent_OAuth2AccountLink_linkLabel" : {
      "annotation" : "The label for the button that invokes the authentication dialog.",
      "extensionType" : null,
      "message" : "Get an access token",
      "trackingId" : "9597DD0B-F9D1-4B37-8B27-7083EA41D16C"
    },
    "systemComponent_OAuth2AccountLink_prompt" : {
      "annotation" : "The message that tells users to sign in now.",
      "extensionType" : null,
      "message" : "Please sign in",
      "trackingId" : "BA97AE4D-27A9-463E-B1BF-776F970393AE"
    },
    "systemComponent_OAuthAccountLink_cancelLabel" : {
      "annotation" : "The label for the cancel button that lets users leave the state without invoking the authentication dialog.",
      "extensionType" : null,
      "message" : "Cancel",
      "trackingId" : "41880194-290C-4E7A-A28A-76C5D92517C7"
    },
    "systemComponent_OAuthAccountLink_linkLabel" : {
      "annotation" : "The label for the button that invokes the authentication dialog.",
      "extensionType" : null,
      "message" : "Log In",
      "trackingId" : "2E295508-97B1-4195-B50B-D32F2544DB32"
    },
    "systemComponent_OAuthAccountLink_prompt" : {
      "annotation" : "The message that tells users to sign in now.",
      "extensionType" : null,
      "message" : "Please tap on the link to proceed",
      "trackingId" : "46BFC184-C023-4093-B6AE-D1F9D016299D"
    },
    "systemComponent_QnA_answersLabel" : {
      "annotation" : "The label for the action to view answers in a particular category.",
      "extensionType" : null,
      "message" : "Answers",
      "trackingId" : "E7B2F4D1-FFFF-4CA4-9AFC-1010AFB8511C"
    },
    "systemComponent_QnA_categoriesLabel" : {
      "annotation" : "The label for the action to display the categories that match the user utterance.",
      "extensionType" : null,
      "message" : "Categories",
      "trackingId" : "3DEDF7EE-ECF8-42EC-BD20-EB5B1A26BC09"
    },
    "systemComponent_QnA_exitLabel" : {
      "annotation" : "The label for the exit questions action.",
      "extensionType" : null,
      "message" : "Exit Questions",
      "trackingId" : "1A9BB925-BCBC-43CC-B97B-ABE9AE37F622"
    },
    "systemComponent_QnA_moreAnswersLabel" : {
      "annotation" : "The label for the action to paginate to next set of answers.",
      "extensionType" : null,
      "message" : "More Answers",
      "trackingId" : "8520496B-A20A-4254-B9D7-432E16D8B83B"
    },
    "systemComponent_QnA_moreCategoriesLabel" : {
      "annotation" : "The label for the action to paginate to next set of categories.",
      "extensionType" : null,
      "message" : "More Categories",
      "trackingId" : "F840DAB1-0FF6-4D4E-817B-8E6A0816C603"
    },
    "systemComponent_QnA_subCategoriesLabel" : {
      "annotation" : "The label for the action to display sub-categories within a given category.",
      "extensionType" : null,
      "message" : "Sub-Categories",
      "trackingId" : "FD0E93E6-08A5-4C47-A99D-03C7581BA11B"
    },
    "systemComponent_QnA_viewAnswerLabel" : {
      "annotation" : "The label for the action to view answer details.",
      "extensionType" : null,
      "message" : "View",
      "trackingId" : "B1E276CD-9AB0-413C-B4EC-6C1B108A5888"
    },
    "systemComponent_ResolveEntities_defaultDisambiguationPrompt" : {
      "annotation" : "Default message shown when the user entered ambiguous input causing multiple entity matches.",
      "extensionType" : null,
      "message" : "Please select one value for {0}",
      "trackingId" : "46DBF242-ABB7-4E3E-B732-2C2715625DFF"
    },
    "systemComponent_ResolveEntities_defaultPrompt" : {
      "annotation" : "Default message shown to prompt the user for input.",
      "extensionType" : null,
      "message" : "Please enter {0}",
      "trackingId" : "9D72AE1F-A61A-480E-B92B-1A98AA84107C"
    },
    "systemComponent_ResolveEntities_showMoreLabel" : {
      "annotation" : "The label used for the forward pagination button when the number of enumeration values, or disambiguation matches exceeds the 'Enumeration Range Size' property of the composite bag item.",
      "extensionType" : null,
      "message" : "Show More",
      "trackingId" : "76038597-DBC7-4D89-B646-1F8F09601514"
    },
    "systemComponent_ResolveEntities_showPreviousLabel" : {
      "annotation" : "The label used for the backward pagination button when the number of enumeration values, or disambiguation matches exceeds the 'Enumeration Range Size' property of the composite bag item.",
      "extensionType" : null,
      "message" : "Show Previous",
      "trackingId" : "064A5CFF-7207-42BF-BB37-1DA42BF3E73B"
    },
    "systemComponent_SelectCalendarEvent_prompt" : {
      "annotation" : "The text that appears before the list of meeting.",
      "extensionType" : null,
      "message" : "You have the following meeting(s):",
      "trackingId" : "C683829A-95B9-4DD1-BF1F-17C1FDDF4611"
    },
    "systemComponent_Webview_cancelLabel" : {
      "annotation" : "The label of the cancel button to leave this state without invoking the webview.",
      "extensionType" : null,
      "message" : "Cancel",
      "trackingId" : "83AC06BC-18F5-4356-AD8E-BFB65A54E0F4"
    },
    "systemComponent_Webview_linkLabel" : {
      "annotation" : "The label of the button to invoke the webview.",
      "extensionType" : null,
      "message" : "Tap to continue",
      "trackingId" : "EABAEF8F-36C3-4D62-9AF9-24AC7A38FA39"
    },
    "systemComponent_Webview_prompt" : {
      "annotation" : "The message for the user to tap on the link to invoke the webview.",
      "extensionType" : null,
      "message" : "Please tap on the link to proceed",
      "trackingId" : "8B2105E9-9773-443F-9429-7FAF12274C27"
    },
    "systemConfiguration_autoNumberPrefixSeparator" : {
      "annotation" : "The separator used between the number prefix and the postback action label.",
      "extensionType" : null,
      "message" : ".",
      "trackingId" : "79D4523E-6306-4880-970E-3E38C91B1588"
    },
    "systemConfiguration_autoNumberPrefixes" : {
      "annotation" : "The prefixes used for auto-numbering postback action labels.",
      "extensionType" : null,
      "message" : "1,2,3,4,5,6,7,8,9,10,11,12,13,14,15,16,17,18,19,20",
      "trackingId" : "495D823B-99DA-473C-9804-60A27B1832B7"
    },
    "systemConfiguration_errorExpiredSessionPrompt" : {
      "annotation" : "The message when the session has expired.",
      "extensionType" : null,
      "message" : "Your session has expired.  Please start again.",
      "trackingId" : "68E96381-D1CE-4522-ABD2-1DD2327AD34C"
    },
    "systemConfiguration_errorMaxStatesExceededPrompt" : {
      "annotation" : "The message when the bot appears to be in an infinite loop.",
      "extensionType" : null,
      "message" : "Your session appears to be in an infinite loop.",
      "trackingId" : "CC4C6D1B-12A5-4517-B03A-617F9545399D"
    },
    "systemConfiguration_errorUnexpectedErrorPrompt" : {
      "annotation" : "The message when there is an unexpected error.",
      "extensionType" : null,
      "message" : "Oops I'm encountering a spot of trouble. Please try again later...",
      "trackingId" : "DF46C681-8526-4D61-B7B8-A6999DA213CD"
    },
    "systemConfiguration_internalWelcomeMessage" : {
      "annotation" : "The internal message sent to the skill when a channel handles the event that a new user has gotten access to the skill. The reply to the internal message is sent as welcome message to the new user.",
      "extensionType" : null,
      "message" : "help",
      "trackingId" : "21E693E0-33CD-4041-AF2C-B2FB74B064EE"
    },
    "systemConfiguration_oauthCancelPrompt" : {
      "annotation" : "The message when OAuth authorization is canceled.",
      "extensionType" : null,
      "message" : "Authentication canceled.",
      "trackingId" : "55ADC2A0-D466-4E46-9849-44B76777B736"
    },
    "systemConfiguration_oauthSuccessPrompt" : {
      "annotation" : "The message when OAuth authorization succeeds.",
      "extensionType" : null,
      "message" : "Authentication successful! You can return to the conversation.",
      "trackingId" : "55405FE7-D8AB-4606-9912-4AAD8585EC8F"
    },
    "systemFlowName_Weather query" : {
      "annotation" : null,
      "extensionType" : null,
      "message" : "Weather query",
      "trackingId" : "C1B0550F-ACB1-4B58-BFB0-2D78EAC4180A"
    }
  },
  "languageTag" : "default"
}