{
  "botPrompts" : [ ],
  "compositeBagItems" : [ {
    "entityName" : "GreetingType",
    "entityUsage" : {
      "type" : "ENUMVALUES",
      "botPrompts" : [ ],
      "customSettings" : null,
      "description" : null,
      "disambiguationPrompt" : null,
      "enumRangeSize" : null,
      "errorMessage" : null,
      "eventHandler" : null,
      "extensionType" : null,
      "fuzzyMatch" : false,
      "multiLingual" : null,
      "multiValue" : false,
      "name" : "GreetingType",
      "promptForDisambiguation" : true,
      "trackingId" : "6B52BC91-2F6F-409E-9C2F-C72233E88ABB",
      "validationRules" : [ ],
      "valueClass" : "oracle.cloud.bots.model.entity.metadata.StaticEntityValue"
    },
    "errorMessage" : "'${system.entityToResolve.value.userInput!'This'}' is not a valid greeting type.",
    "fuzzyMatch" : false,
    "maxPrompts" : 3,
    "multiLingual" : false,
    "multiValue" : false,
    "name" : "Type",
    "outOfOrderExtraction" : true,
    "promptForDisambiguation" : true,
    "prompts" : [ {
      "sequenceNr" : 1,
      "text" : "Hi there! What would you like me to echo back?"
    }, {
      "sequenceNr" : null,
      "text" : "Please use the buttons to select a valid greeting type."
    } ],
    "sequenceNr" : 1,
    "trackingId" : "B90D9AC1-7ACF-4AAA-BBE9-42F89AE59145",
    "type" : "ENTITY"
  }, {
    "fuzzyMatch" : false,
    "multiLingual" : false,
    "multiValue" : false,
    "name" : "Name",
    "outOfOrderExtraction" : false,
    "promptForDisambiguation" : true,
    "prompts" : [ {
      "sequenceNr" : null,
      "text" : "What is your name?"
    } ],
    "sequenceNr" : 2,
    "trackingId" : "B8FD0776-42F5-4EA9-B0B9-5A27B3481666",
    "type" : "STRING"
  } ],
  "fuzzyMatch" : false,
  "multiValue" : false,
  "name" : "Greeting",
  "promptForDisambiguation" : true,
  "trackingId" : "254BDF62-F719-4C98-BBD0-B48B1B2DEC02",
  "type" : "COMPOSITEBAG",
  "validationRules" : [ ]
}