{
  "botPrompts" : [ ],
  "enumValues" : [ {
    "type" : "StaticEntityValue",
    "canonicalName" : "Hello!",
    "extensionType" : null,
    "nativeLanguageTag" : "en",
    "primaryLanguageCanonicalName" : "Hello!",
    "synonyms" : null,
    "trackingId" : "6AF01CFA-3C50-4358-891F-E9B807472801"
  }, {
    "type" : "StaticEntityValue",
    "canonicalName" : "Ola!",
    "extensionType" : null,
    "nativeLanguageTag" : "en",
    "primaryLanguageCanonicalName" : "Ola!",
    "synonyms" : null,
    "trackingId" : "E1FD9EDB-08FB-4C3A-9B3E-42DF7284DE2F"
  }, {
    "type" : "StaticEntityValue",
    "canonicalName" : "Vannakam!",
    "extensionType" : null,
    "nativeLanguageTag" : "en",
    "primaryLanguageCanonicalName" : "Vannakam!",
    "synonyms" : null,
    "trackingId" : "A9DEF436-5D3D-4EB0-AC0A-268CDC500F88"
  }, {
    "type" : "StaticEntityValue",
    "canonicalName" : "Namaste!",
    "extensionType" : null,
    "nativeLanguageTag" : "en",
    "primaryLanguageCanonicalName" : "Namaste!",
    "synonyms" : null,
    "trackingId" : "EE77DD54-4C2D-4D20-AF8B-293D20DF8150"
  } ],
  "fuzzyMatch" : false,
  "multiValue" : false,
  "name" : "GreetingType",
  "promptForDisambiguation" : true,
  "trackingId" : "6B52BC91-2F6F-409E-9C2F-C72233E88ABB",
  "type" : "ENUMVALUES",
  "validationRules" : [ ]
}