{
  "botPrompts" : [ {
    "sequenceNr" : null,
    "text" : "Please enter the site id"
  } ],
  "description" : "Site id for the weather quality query",
  "fuzzyMatch" : false,
  "multiValue" : false,
  "name" : "siteid",
  "namedEntityRuleParams" : [ {
    "extensionType" : null,
    "rule" : {
      "name" : "FOLLOWINGPHRASE"
    },
    "trackingId" : "15B9F1D9-0DFA-4F23-A99B-4A3E9090D227",
    "value" : "id is,The site id is,it is,Site id is,location is,site id is,site is"
  } ],
  "parentEntity" : "NUMBER",
  "promptForDisambiguation" : true,
  "trackingId" : "70D0986D-FF2F-4E7C-AE3B-0E47C024C727",
  "type" : "DERIVED",
  "validationRules" : [ ]
}