{
  "autoCompleteData" : [ ],
  "description" : "Weather query for a given site id",
  "enabled" : true,
  "exampleData" : [ {
    "contributor" : null,
    "crowdJobId" : null,
    "detectedLanguage" : null,
    "developerId" : null,
    "developerTag" : null,
    "exampleEntities" : [ ],
    "nativeLanguageTag" : "en",
    "sentence" : "The site id is 1",
    "trackingId" : "9FEB7E28-316E-4A89-A9CA-EB8FAA2AD400",
    "translated" : null,
    "translatedBy" : null,
    "translatedLanguage" : null
  } ],
  "intentParameters" : [ {
    "entity" : "siteid",
    "required" : true,
    "trackingId" : "4A1C3600-CDB2-45A1-9D44-727D678F0387"
  } ],
  "name" : "Weather query",
  "trackingId" : "0630C862-9F8C-4BD6-BBAB-3B1A60EC1005",
  "type" : "NLPIntent"
}